<?xml version="1.0" encoding="UTF-8"?>
<dc xmlns:dc="http://purl.org/dc/terms/">
  <dc:Title>La digestion de l'amidon en glucose</dc:Title>
  <dc:Creator>Adrien Cartier</dc:Creator>
  <dc:Subject>SVT2a: Nutrition animale et végétale</dc:Subject>
  <dc:Description>Compétence LG2 Représenter des données, des informations, des résultats sous forme de tableau</dc:Description>
  <dc:Publisher>DEPP (direction de l'évaluation, de la prospective et de la performance)</dc:Publisher>
  <dc:Contributor />
  <dc:Date>30/01/2023</dc:Date>
  <dc:Type />
  <dc:Format />
  <dc:Identifier />
  <dc:Source />
  <dc:Language>Francais</dc:Language>
  <dc:Relation />
  <dc:Coverage />
  <dc:Rights />
</dc>
