<?xml version="1.0" encoding="UTF-8"?>
<dc xmlns:dc="http://purl.org/dc/terms/">
  <dc:Title>Dopamine et sensation de plaisir</dc:Title>
  <dc:Creator>Adrien Cartier</dc:Creator>
  <dc:Subject>SVT3a: Activités nerveuse, cardiorespiratoire et musculaire</dc:Subject>
  <dc:Description>LG2 :Représenter des données, des informations, des résultats sous forme de tableau</dc:Description>
  <dc:Publisher />
  <dc:Contributor />
  <dc:Date>30/01/2023</dc:Date>
  <dc:Type />
  <dc:Format />
  <dc:Identifier />
  <dc:Source />
  <dc:Language>Francais</dc:Language>
  <dc:Relation />
  <dc:Coverage />
  <dc:Rights />
</dc>
