{"version":"01.00.00","projectName":"science","projectPages":[{"pageName":"page1","pageID":"61ab4e9e:17e7186350c:-7ffb","eramlModelFile":"page1.cbaml","eramlDiagramFile":"page1.cbaml_diagram","pageType":"SIMPLE","pageTags":["STANDARD_PAGE"]},{"pageName":"page2","pageID":"61ab4e9e:17e7186350c:-7ff7","eramlModelFile":"page2.cbaml","eramlDiagramFile":"page2.cbaml_diagram","pageType":"SIMPLE","pageTags":["X_PAGE","STANDARD_PAGE"]},{"pageName":"dialog1","pageID":"2ee5b004:182e3dda79d:-8000","eramlModelFile":"dialog1.cbaml","eramlDiagramFile":"dialog1.cbaml_diagram","pageType":"SIMPLE","pageTags":["STANDARD_PAGE"]}],"resources":[{"path":"C:\\work\\ib\\cba-itembuilder-9.7.0\\workspace\\Projects\\resources","name":"arrow.fw.png"},{"path":"C:\\work\\ib\\cba-itembuilder-9.7.0\\workspace\\Projects\\resources","name":"base.fw.png"},{"path":"C:\\work\\ib\\cba-itembuilder-9.7.0\\workspace\\Projects\\resources","name":"fertilizer.fw.png"},{"path":"C:\\work\\ib\\cba-itembuilder-9.7.0\\workspace\\Projects\\resources","name":"out1.fw.png"},{"path":"C:\\work\\ib\\cba-itembuilder-9.7.0\\workspace\\Projects\\resources","name":"out2.fw.png"},{"path":"C:\\work\\ib\\cba-itembuilder-9.7.0\\workspace\\Projects\\resources","name":"recommencer.fw.png"},{"path":"C:\\work\\ib\\cba-itembuilder-9.7.0\\workspace\\Projects\\resources","name":"rhizobium_bacteria.fw.png"},{"path":"C:\\work\\ib\\cba-itembuilder-9.7.0\\workspace\\Projects\\resources","name":"temperature.fw.png"},{"path":"C:\\work\\ib\\cba-itembuilder-9.7.0\\workspace\\Projects\\resources","name":"validate_page1.fw.png"},{"path":"C:\\work\\ib\\cba-itembuilder-9.7.0\\workspace\\Projects\\resources","name":"validate_page1_deactivated.fw.png"},{"path":"C:\\work\\ib\\cba-itembuilder-9.7.0\\workspace\\Projects\\resources","name":"validate_page2.fw.png"},{"path":"C:\\work\\ib\\cba-itembuilder-9.7.0\\workspace\\Projects\\resources","name":"validate_page2_deactivated.fw.png"}],"bilingual":false}